{
  "target_sealed": {
    "rho_AR1": 0.1883,
    "T": 65,
    "Q10": 20.374
  },
  "params_used": {
    "threshold": 0.25,
    "min_concordant": 2,
    "max_sector_pct": null
  },
  "trial_id_match": 5,
  "serie_all_daily": {
    "T": 65,
    "rho_AR1_pearson": -0.08068327771801437,
    "beta_AR1_ols": -0.08113914816628623,
    "Q10": 13.710119149968907,
    "Q10_pvalue": 0.18662927638746032,
    "gap_rho": -0.26898327771801434,
    "gap_Q10": -6.6638808500310915
  },
  "serie_nonzero": {
    "T": 63,
    "rho_AR1_pearson": -0.10544079487953159,
    "beta_AR1_ols": -0.10606505086143458,
    "Q10": 15.488923565123942,
    "Q10_pvalue": 0.11522717128186795,
    "gap_rho": -0.2937407948795316,
    "gap_Q10": -4.885076434876057
  },
  "vincoli_V1_V2_V3": {
    "V1_rho_tol_002": false,
    "V2_T_range_60_70": true,
    "V3_Q10_tol_10pct": false,
    "tutti_pass": false
  }
}